{
  "hash": "41bd4ef0",
  "configHash": "866c1391",
  "lockfileHash": "96c2a556",
  "browserHash": "b104b462",
  "optimized": {
    "@angular/core": {
      "src": "../../../../../../node_modules/@angular/core/fesm2022/core.mjs",
      "file": "@angular_core.js",
      "fileHash": "1122e5d6",
      "needsInterop": false
    },
    "@angular/platform-browser": {
      "src": "../../../../../../node_modules/@angular/platform-browser/fesm2022/platform-browser.mjs",
      "file": "@angular_platform-browser.js",
      "fileHash": "9597c0d6",
      "needsInterop": false
    },
    "@angular/router": {
      "src": "../../../../../../node_modules/@angular/router/fesm2022/router.mjs",
      "file": "@angular_router.js",
      "fileHash": "519509de",
      "needsInterop": false
    },
    "zone.js": {
      "src": "../../../../../../node_modules/zone.js/fesm2015/zone.js",
      "file": "zone__js.js",
      "fileHash": "6aeccc7d",
      "needsInterop": true
    },
    "@angular/material/table": {
      "src": "../../../../../../node_modules/@angular/material/fesm2022/table.mjs",
      "file": "@angular_material_table.js",
      "fileHash": "d658ede6",
      "needsInterop": false
    },
    "@angular/cdk/bidi": {
      "src": "../../../../../../node_modules/@angular/cdk/fesm2022/bidi.mjs",
      "file": "@angular_cdk_bidi.js",
      "fileHash": "39e4744d",
      "needsInterop": false
    },
    "@angular/common/http": {
      "src": "../../../../../../node_modules/@angular/common/fesm2022/http.mjs",
      "file": "@angular_common_http.js",
      "fileHash": "11150361",
      "needsInterop": false
    },
    "@angular/material/button": {
      "src": "../../../../../../node_modules/@angular/material/fesm2022/button.mjs",
      "file": "@angular_material_button.js",
      "fileHash": "665b908e",
      "needsInterop": false
    },
    "@angular/material/dialog": {
      "src": "../../../../../../node_modules/@angular/material/fesm2022/dialog.mjs",
      "file": "@angular_material_dialog.js",
      "fileHash": "4f6cc1c7",
      "needsInterop": false
    },
    "@angular/material/input": {
      "src": "../../../../../../node_modules/@angular/material/fesm2022/input.mjs",
      "file": "@angular_material_input.js",
      "fileHash": "6cc0f05c",
      "needsInterop": false
    },
    "@angular/cdk/text-field": {
      "src": "../../../../../../node_modules/@angular/cdk/fesm2022/text-field.mjs",
      "file": "@angular_cdk_text-field.js",
      "fileHash": "c6ca3bf5",
      "needsInterop": false
    },
    "@angular/material/icon": {
      "src": "../../../../../../node_modules/@angular/material/fesm2022/icon.mjs",
      "file": "@angular_material_icon.js",
      "fileHash": "e29b42cc",
      "needsInterop": false
    },
    "@angular/forms": {
      "src": "../../../../../../node_modules/@angular/forms/fesm2022/forms.mjs",
      "file": "@angular_forms.js",
      "fileHash": "0f99958a",
      "needsInterop": false
    }
  },
  "chunks": {
    "chunk-FMYPC2VM": {
      "file": "chunk-FMYPC2VM.js"
    },
    "chunk-HUOT5OJF": {
      "file": "chunk-HUOT5OJF.js"
    },
    "chunk-NZRI5DRU": {
      "file": "chunk-NZRI5DRU.js"
    },
    "chunk-YGXRNHBB": {
      "file": "chunk-YGXRNHBB.js"
    },
    "chunk-NKMN5UAN": {
      "file": "chunk-NKMN5UAN.js"
    },
    "chunk-3G6AJEEB": {
      "file": "chunk-3G6AJEEB.js"
    },
    "chunk-7XBN5CAY": {
      "file": "chunk-7XBN5CAY.js"
    },
    "chunk-7CI7FMFA": {
      "file": "chunk-7CI7FMFA.js"
    },
    "chunk-KTBSNV5T": {
      "file": "chunk-KTBSNV5T.js"
    },
    "chunk-CRDNSJJN": {
      "file": "chunk-CRDNSJJN.js"
    },
    "chunk-HF4NTLMQ": {
      "file": "chunk-HF4NTLMQ.js"
    },
    "chunk-BBHQQZBJ": {
      "file": "chunk-BBHQQZBJ.js"
    },
    "chunk-KQRM5WX6": {
      "file": "chunk-KQRM5WX6.js"
    },
    "chunk-GE3ZGMNX": {
      "file": "chunk-GE3ZGMNX.js"
    },
    "chunk-WDMUDEB6": {
      "file": "chunk-WDMUDEB6.js"
    }
  }
}